
-- 🟢 1️⃣ Insert Customers
INSERT INTO customers (customer_id, name, city, signup_date) VALUES
(1,'Abhay','Ghaziabad','2023-01-05'),
(2,'Priya','Delhi','2023-02-15'),
(3,'Rahul','Mumbai','2023-01-20'),
(4,'Ananya','Bangalore','2023-03-10'),
(5,'Siddharth','Chennai','2023-04-12'),
(6,'Neha','Hyderabad','2023-05-03'),
(7,'Aditya','Kolkata','2023-01-28'),
(8,'Shreya','Pune','2023-02-18'),
(9,'Arjun','Delhi','2023-03-25'),
(10,'Kavya','Mumbai','2023-04-08'),
(11,'Riya','Bangalore','2023-05-11'),
(12,'Varun','Chennai','2023-01-16'),
(13,'Simran','Hyderabad','2023-02-20'),
(14,'Ankit','Kolkata','2023-03-07'),
(15,'Sanya','Pune','2023-04-19'),
(16,'Nikhil','Delhi','2023-05-22'),
(17,'Meera','Mumbai','2023-01-30'),
(18,'Dev','Bangalore','2023-02-25'),
(19,'Pallavi','Chennai','2023-03-12'),
(20,'Rohit','Hyderabad','2023-04-05'),
(21,'Aditi','Kolkata','2023-01-08'),
(22,'Saurabh','Pune','2023-02-12'),
(23,'Tanya','Delhi','2023-03-18'),
(24,'Vikram','Mumbai','2023-04-25'),
(25,'Neel','Bangalore','2023-05-28'),
(26,'Isha','Chennai','2023-01-14'),
(27,'Harsh','Hyderabad','2023-02-17'),
(28,'Mehul','Kolkata','2023-03-23'),
(29,'Diya','Pune','2023-04-30'),
(30,'Karan','Delhi','2023-05-15');


-- 🟢 2️⃣ Insert Products
INSERT INTO products (product_id, product_name, category, price) VALUES
(1,'Wireless Mouse','Electronics',699.99),
(2,'Keyboard','Electronics',799.99),
(3,'Laptop Bag','Accessories',1499.99),
(4,'Smartphone','Electronics',24999.99),
(5,'Tablet','Electronics',15999.99),
(6,'Headphones','Electronics',1999.99),
(7,'Charger','Electronics',499.99),
(8,'Monitor','Electronics',9999.99),
(9,'USB Cable','Electronics',299.99),
(10,'Backpack','Accessories',1299.99),
(11,'Notebook','Stationery',199.99),
(12,'Pen','Stationery',49.99),
(13,'Water Bottle','Accessories',399.99),
(14,'Sports Shoes','Fashion',3599.99),
(15,'T-shirt','Fashion',799.99),
(16,'Jeans','Fashion',1499.99),
(17,'Sunglasses','Fashion',999.99),
(18,'Jacket','Fashion',2499.99),
(19,'Smartwatch','Electronics',4999.99),
(20,'Camera','Electronics',20999.99),
(21,'Speaker','Electronics',2999.99),
(22,'Desk','Home',7999.99),
(23,'Chair','Home',3999.99),
(24,'Coffee Mug','Accessories',299.99),
(25,'Notebook Set','Stationery',499.99),
(26,'Planner','Stationery',599.99),
(27,'Mouse Pad','Accessories',199.99),
(28,'Backpack Large','Accessories',1799.99),
(29,'Tennis Racket','Sports',3499.99),
(30,'Yoga Mat','Sports',999.99);

-- 🟢 3️⃣ Insert Orders
INSERT INTO orders (order_id, customer_id, order_date) VALUES
(1,1,'2023-05-02'),
(2,2,'2023-05-05'),
(3,3,'2023-05-07'),
(4,4,'2023-05-10'),
(5,5,'2023-05-12'),
(6,6,'2023-05-15'),
(7,7,'2023-05-18'),
(8,8,'2023-05-20'),
(9,9,'2023-05-22'),
(10,10,'2023-05-25'),
(11,11,'2023-05-27'),
(12,12,'2023-05-29'),
(13,13,'2023-05-30'),
(14,14,'2023-06-01'),
(15,15,'2023-06-03'),
(16,16,'2023-06-05'),
(17,17,'2023-06-07'),
(18,18,'2023-06-10'),
(19,19,'2023-06-12'),
(20,20,'2023-06-15'),
(21,21,'2023-06-17'),
(22,22,'2023-06-19'),
(23,23,'2023-06-22'),
(24,24,'2023-06-25'),
(25,25,'2023-06-27'),
(26,26,'2023-06-29'),
(27,27,'2023-07-01'),
(28,28,'2023-07-03'),
(29,29,'2023-07-05'),
(30,30,'2023-07-08'),
(31,1,'2023-07-10'),
(32,2,'2023-07-12'),
(33,3,'2023-07-15'),
(34,4,'2023-07-18'),
(35,5,'2023-07-20'),
(36,6,'2023-07-22'),
(37,7,'2023-07-25'),
(38,8,'2023-07-27'),
(39,9,'2023-07-30'),
(40,10,'2023-07-31');

-- 🟢 4️⃣ Insert Order_Items
INSERT INTO order_items (order_item_id, order_id, product_id, quantity) VALUES
(1,1,1,1),
(2,1,2,1),
(3,2,3,1),
(4,2,4,1),
(5,3,5,1),
(6,3,6,2),
(7,4,7,1),
(8,4,8,1),
(9,5,9,3),
(10,5,10,1),
(11,6,11,5),
(12,6,12,10),
(13,7,13,2),
(14,7,14,1),
(15,8,15,2),
(16,8,16,1),
(17,9,17,1),
(18,9,18,1),
(19,10,19,1),
(20,10,20,1),
(21,11,21,1),
(22,11,22,1),
(23,12,23,1),
(24,12,24,2),
(25,13,25,3),
(26,13,26,1),
(27,14,1,2),
(28,14,3,1),
(29,15,4,1),
(30,15,5,1),
(31,16,6,1),
(32,16,7,1),
(33,17,8,1),
(34,17,9,2),
(35,18,10,1),
(36,18,11,1),
(37,19,12,2),
(38,19,13,1),
(39,20,14,1),
(40,20,15,2),
(41,21,16,1),
(42,21,17,1),
(43,22,18,1),
(44,22,19,1),
(45,23,20,1),
(46,23,21,1),
(47,24,22,1),
(48,24,23,2),
(49,25,24,1),
(50,25,25,1),
(51,26,26,1),
(52,26,27,1),
(53,27,28,1),
(54,27,29,1),
(55,28,30,1),
(56,28,1,1),
(57,29,2,1),
(58,29,3,2),
(59,30,4,1),
(60,30,5,1);